{
  "Total" : {
    "transaction" : "Total",
    "sampleCount" : 511867,
    "errorCount" : 0,
    "errorPct" : 0.0,
    "meanResTime" : 1283.7535121427961,
    "medianResTime" : 1981.0,
    "minResTime" : 0.0,
    "maxResTime" : 4099.0,
    "pct1ResTime" : 2406.0,
    "pct2ResTime" : 2535.0,
    "pct3ResTime" : 2776.9900000000016,
    "throughput" : 1685.6971609040584,
    "receivedKBytesPerSec" : 485.26831189198685,
    "sentKBytesPerSec" : 690.6403418334414
  },
  "Portal_01_LaunchHomepage" : {
    "transaction" : "Portal_01_LaunchHomepage",
    "sampleCount" : 511867,
    "errorCount" : 0,
    "errorPct" : 0.0,
    "meanResTime" : 1283.7535121427961,
    "medianResTime" : 1981.0,
    "minResTime" : 0.0,
    "maxResTime" : 4099.0,
    "pct1ResTime" : 2406.0,
    "pct2ResTime" : 2535.0,
    "pct3ResTime" : 2776.9900000000016,
    "throughput" : 1685.6971609040584,
    "receivedKBytesPerSec" : 485.26831189198685,
    "sentKBytesPerSec" : 690.6403418334414
  }
}