{
  "Total" : {
    "transaction" : "Total",
    "sampleCount" : 771246,
    "errorCount" : 686859,
    "errorPct" : 89.05836,
    "meanResTime" : 223.0926850836115,
    "medianResTime" : 1026.0,
    "minResTime" : 0.0,
    "maxResTime" : 3040.0,
    "pct1ResTime" : 2099.0,
    "pct2ResTime" : 2318.0,
    "pct3ResTime" : 2590.9900000000016,
    "throughput" : 2550.1383777563956,
    "receivedKBytesPerSec" : 1030.701809109373,
    "sentKBytesPerSec" : 826.4231606411586
  },
  "Portal_01_LaunchHomepage" : {
    "transaction" : "Portal_01_LaunchHomepage",
    "sampleCount" : 771246,
    "errorCount" : 686859,
    "errorPct" : 89.05836,
    "meanResTime" : 223.0926850836115,
    "medianResTime" : 1026.0,
    "minResTime" : 0.0,
    "maxResTime" : 3040.0,
    "pct1ResTime" : 2099.0,
    "pct2ResTime" : 2318.0,
    "pct3ResTime" : 2590.9900000000016,
    "throughput" : 2550.1383777563956,
    "receivedKBytesPerSec" : 1030.701809109373,
    "sentKBytesPerSec" : 826.4231606411586
  }
}