{
  "Total" : {
    "transaction" : "Total",
    "sampleCount" : 498159,
    "errorCount" : 0,
    "errorPct" : 0.0,
    "meanResTime" : 1352.4353630065725,
    "medianResTime" : 2089.0,
    "minResTime" : 0.0,
    "maxResTime" : 4161.0,
    "pct1ResTime" : 2601.0,
    "pct2ResTime" : 2895.9500000000007,
    "pct3ResTime" : 3144.0,
    "throughput" : 1639.1446264403746,
    "receivedKBytesPerSec" : 471.8574882357756,
    "sentKBytesPerSec" : 671.5752839927578
  },
  "Portal_01_LaunchHomepage" : {
    "transaction" : "Portal_01_LaunchHomepage",
    "sampleCount" : 498159,
    "errorCount" : 0,
    "errorPct" : 0.0,
    "meanResTime" : 1352.4353630065725,
    "medianResTime" : 2089.0,
    "minResTime" : 0.0,
    "maxResTime" : 4161.0,
    "pct1ResTime" : 2601.0,
    "pct2ResTime" : 2895.9500000000007,
    "pct3ResTime" : 3144.0,
    "throughput" : 1639.1446264403746,
    "receivedKBytesPerSec" : 471.8574882357756,
    "sentKBytesPerSec" : 671.5752839927578
  }
}