{
  "Total" : {
    "transaction" : "Total",
    "sampleCount" : 396928,
    "errorCount" : 0,
    "errorPct" : 0.0,
    "meanResTime" : 1870.6684814374294,
    "medianResTime" : 2771.0,
    "minResTime" : 1.0,
    "maxResTime" : 5672.0,
    "pct1ResTime" : 3359.0,
    "pct2ResTime" : 3575.0,
    "pct3ResTime" : 3853.0,
    "throughput" : 1305.3063586856438,
    "receivedKBytesPerSec" : 375.6835821887907,
    "sentKBytesPerSec" : 534.7519641466861
  },
  "Portal_01_LaunchHomepage" : {
    "transaction" : "Portal_01_LaunchHomepage",
    "sampleCount" : 396928,
    "errorCount" : 0,
    "errorPct" : 0.0,
    "meanResTime" : 1870.6684814374294,
    "medianResTime" : 2771.0,
    "minResTime" : 1.0,
    "maxResTime" : 5672.0,
    "pct1ResTime" : 3359.0,
    "pct2ResTime" : 3575.0,
    "pct3ResTime" : 3853.0,
    "throughput" : 1305.3063586856438,
    "receivedKBytesPerSec" : 375.6835821887907,
    "sentKBytesPerSec" : 534.7519641466861
  }
}