{
  "Total" : {
    "transaction" : "Total",
    "sampleCount" : 306912,
    "errorCount" : 0,
    "errorPct" : 0.0,
    "meanResTime" : 2622.9325572151047,
    "medianResTime" : 3922.0,
    "minResTime" : 2.0,
    "maxResTime" : 6713.0,
    "pct1ResTime" : 4608.800000000003,
    "pct2ResTime" : 5165.950000000001,
    "pct3ResTime" : 5411.0,
    "throughput" : 999.9641603920202,
    "receivedKBytesPerSec" : 287.7220846617067,
    "sentKBytesPerSec" : 409.657887269364
  },
  "Portal_01_LaunchHomepage" : {
    "transaction" : "Portal_01_LaunchHomepage",
    "sampleCount" : 306912,
    "errorCount" : 0,
    "errorPct" : 0.0,
    "meanResTime" : 2622.9325572151047,
    "medianResTime" : 3922.0,
    "minResTime" : 2.0,
    "maxResTime" : 6713.0,
    "pct1ResTime" : 4608.800000000003,
    "pct2ResTime" : 5165.950000000001,
    "pct3ResTime" : 5411.0,
    "throughput" : 999.9641603920202,
    "receivedKBytesPerSec" : 287.7220846617067,
    "sentKBytesPerSec" : 409.657887269364
  }
}