{
  "Total" : {
    "transaction" : "Total",
    "sampleCount" : 496259,
    "errorCount" : 0,
    "errorPct" : 0.0,
    "meanResTime" : 1368.3543351354301,
    "medianResTime" : 2070.0,
    "minResTime" : 0.0,
    "maxResTime" : 4077.0,
    "pct1ResTime" : 2599.0,
    "pct2ResTime" : 2948.5000000000073,
    "pct3ResTime" : 3242.0,
    "throughput" : 1635.5891145072887,
    "receivedKBytesPerSec" : 470.83260571708365,
    "sentKBytesPerSec" : 670.0974201985
  },
  "Portal_01_LaunchHomepage" : {
    "transaction" : "Portal_01_LaunchHomepage",
    "sampleCount" : 496259,
    "errorCount" : 0,
    "errorPct" : 0.0,
    "meanResTime" : 1368.3543351354301,
    "medianResTime" : 2070.0,
    "minResTime" : 0.0,
    "maxResTime" : 4077.0,
    "pct1ResTime" : 2599.0,
    "pct2ResTime" : 2948.5000000000073,
    "pct3ResTime" : 3242.0,
    "throughput" : 1635.5891145072887,
    "receivedKBytesPerSec" : 470.83260571708365,
    "sentKBytesPerSec" : 670.0974201985
  }
}