{
  "Total" : {
    "transaction" : "Total",
    "sampleCount" : 398373,
    "errorCount" : 0,
    "errorPct" : 0.0,
    "meanResTime" : 1847.693400406144,
    "medianResTime" : 2551.0,
    "minResTime" : 1.0,
    "maxResTime" : 5539.0,
    "pct1ResTime" : 3466.0,
    "pct2ResTime" : 3677.9500000000007,
    "pct3ResTime" : 4422.0,
    "throughput" : 1312.315319618533,
    "receivedKBytesPerSec" : 377.702150512452,
    "sentKBytesPerSec" : 537.6391633330177
  },
  "Portal_01_LaunchHomepage" : {
    "transaction" : "Portal_01_LaunchHomepage",
    "sampleCount" : 398373,
    "errorCount" : 0,
    "errorPct" : 0.0,
    "meanResTime" : 1847.693400406144,
    "medianResTime" : 2551.0,
    "minResTime" : 1.0,
    "maxResTime" : 5539.0,
    "pct1ResTime" : 3466.0,
    "pct2ResTime" : 3677.9500000000007,
    "pct3ResTime" : 4422.0,
    "throughput" : 1312.315319618533,
    "receivedKBytesPerSec" : 377.702150512452,
    "sentKBytesPerSec" : 537.6391633330177
  }
}