{
  "Total" : {
    "transaction" : "Total",
    "sampleCount" : 55573,
    "errorCount" : 49294,
    "errorPct" : 88.70135,
    "meanResTime" : 2.4905259748438993,
    "medianResTime" : 2.0,
    "minResTime" : 0.0,
    "maxResTime" : 312.0,
    "pct1ResTime" : 4.0,
    "pct2ResTime" : 5.0,
    "pct3ResTime" : 8.0,
    "throughput" : 184.392056671699,
    "receivedKBytesPerSec" : 80.89368923884733,
    "sentKBytesPerSec" : 59.51403585219072
  },
  "Portal_01_LaunchHomepage" : {
    "transaction" : "Portal_01_LaunchHomepage",
    "sampleCount" : 55573,
    "errorCount" : 49294,
    "errorPct" : 88.70135,
    "meanResTime" : 2.4905259748438993,
    "medianResTime" : 2.0,
    "minResTime" : 0.0,
    "maxResTime" : 312.0,
    "pct1ResTime" : 4.0,
    "pct2ResTime" : 5.0,
    "pct3ResTime" : 8.0,
    "throughput" : 184.392056671699,
    "receivedKBytesPerSec" : 80.89368923884733,
    "sentKBytesPerSec" : 59.51403585219072
  }
}