{
  "Total" : {
    "transaction" : "Total",
    "sampleCount" : 58096,
    "errorCount" : 12815,
    "errorPct" : 22.058317,
    "meanResTime" : 7.128081107132991,
    "medianResTime" : 6.0,
    "minResTime" : 0.0,
    "maxResTime" : 385.0,
    "pct1ResTime" : 12.0,
    "pct2ResTime" : 17.0,
    "pct3ResTime" : 70.0,
    "throughput" : 181.69081037804298,
    "receivedKBytesPerSec" : 379.5261792977448,
    "sentKBytesPerSec" : 175.59003735707674
  },
  "Portal_01_LaunchHomepage" : {
    "transaction" : "Portal_01_LaunchHomepage",
    "sampleCount" : 58096,
    "errorCount" : 12815,
    "errorPct" : 22.058317,
    "meanResTime" : 7.128081107132991,
    "medianResTime" : 6.0,
    "minResTime" : 0.0,
    "maxResTime" : 385.0,
    "pct1ResTime" : 12.0,
    "pct2ResTime" : 17.0,
    "pct3ResTime" : 70.0,
    "throughput" : 181.69081037804298,
    "receivedKBytesPerSec" : 379.5261792977448,
    "sentKBytesPerSec" : 175.59003735707674
  }
}