{
  "Total" : {
    "transaction" : "Total",
    "sampleCount" : 372015,
    "errorCount" : 0,
    "errorPct" : 0.0,
    "meanResTime" : 2018.3965700307988,
    "medianResTime" : 2921.0,
    "minResTime" : 1.0,
    "maxResTime" : 6064.0,
    "pct1ResTime" : 3844.0,
    "pct2ResTime" : 5385.0,
    "pct3ResTime" : 5933.0,
    "throughput" : 1220.9342395888375,
    "receivedKBytesPerSec" : 351.37787434627677,
    "sentKBytesPerSec" : 500.1886575792919
  },
  "Portal_01_LaunchHomepage" : {
    "transaction" : "Portal_01_LaunchHomepage",
    "sampleCount" : 372015,
    "errorCount" : 0,
    "errorPct" : 0.0,
    "meanResTime" : 2018.3965700307988,
    "medianResTime" : 2921.0,
    "minResTime" : 1.0,
    "maxResTime" : 6064.0,
    "pct1ResTime" : 3844.0,
    "pct2ResTime" : 5385.0,
    "pct3ResTime" : 5933.0,
    "throughput" : 1220.9342395888375,
    "receivedKBytesPerSec" : 351.37787434627677,
    "sentKBytesPerSec" : 500.1886575792919
  }
}